Average proportion of Marine Key Biodiversity Areas (KBAs) covered by protected areas (%),,,,,,,,,,,,,,,,,,,,,,,,,,,,,
Goal,Target,Indicator,SeriesCode,SeriesDescription,GeoAreaCode,GeoAreaName,Nature,Reporting Type,Units,2000,2001,2002,2003,2004,2005,2006,2007,2008,2009,2010,2011,2012,2013,2014,2015,2016,2017,2018,2019
14,14.5,14.5.1,ER_MRN_MPA,Average proportion of Marine Key Biodiversity Areas (KBAs) covered by protected areas (%),8,Albania,C,G,PERCENT,9.23875,9.23875,9.23875,9.23875,21.51751,33.34536,33.34536,38.68951,38.68951,38.68951,63.3863,63.3863,63.3863,70.65466,70.65466,70.65466,70.69782,70.69782,70.69782,70.69782
14,14.5,14.5.1,ER_MRN_MPA,Average proportion of Marine Key Biodiversity Areas (KBAs) covered by protected areas (%),12,Algeria,C,G,PERCENT,39.83821,39.83821,39.83821,39.83821,39.83821,48.92912,48.92912,48.92912,48.92912,48.92912,48.92912,48.92912,48.92912,48.92912,48.92912,48.92912,48.92912,48.92912,48.92912,48.92912
14,14.5,14.5.1,ER_MRN_MPA,Average proportion of Marine Key Biodiversity Areas (KBAs) covered by protected areas (%),16,American Samoa,C,G,PERCENT,69.17145,69.17145,69.17145,69.17732,69.17732,69.17732,69.17732,69.17732,69.17732,69.17732,69.17732,69.17732,69.17732,69.17732,69.17732,69.17732,69.17732,69.17732,69.17732,69.17732
14,14.5,14.5.1,ER_MRN_MPA,Average proportion of Marine Key Biodiversity Areas (KBAs) covered by protected areas (%),24,Angola,C,G,PERCENT,66.58023,66.58023,66.58023,66.58023,66.58023,66.58023,66.58023,66.58023,66.58023,66.58023,66.58023,66.58023,66.58023,66.58023,66.58023,66.58023,66.58023,66.58023,66.58023,66.58023
14,14.5,14.5.1,ER_MRN_MPA,Average proportion of Marine Key Biodiversity Areas (KBAs) covered by protected areas (%),660,Anguilla,C,G,PERCENT,13.31575,13.31575,13.31575,13.31575,13.31575,13.31575,13.31575,13.31575,13.31575,13.31575,13.31575,13.31575,13.31575,13.31575,13.31575,13.31575,13.31575,13.31575,13.43641,13.43641
14,14.5,14.5.1,ER_MRN_MPA,Average proportion of Marine Key Biodiversity Areas (KBAs) covered by protected areas (%),28,Antigua and Barbuda,C,G,PERCENT,0,0,0,0,0,19.07045,19.07045,19.07045,19.07045,19.07045,19.07045,19.07045,19.07045,19.07045,19.07045,19.07045,19.07045,19.07045,19.07045,19.07045
14,14.5,14.5.1,ER_MRN_MPA,Average proportion of Marine Key Biodiversity Areas (KBAs) covered by protected areas (%),32,Argentina,C,G,PERCENT,28.20771,31.22474,31.23497,31.23497,33.89184,36.31643,36.31643,36.31643,36.31643,38.09875,38.09875,38.09875,38.37897,38.37897,38.37897,38.37897,40.52593,40.52593,40.52593,40.52593
14,14.5,14.5.1,ER_MRN_MPA,Average proportion of Marine Key Biodiversity Areas (KBAs) covered by protected areas (%),533,Aruba,C,G,PERCENT,23.92445,23.92445,23.92445,23.92445,23.92445,23.92445,23.92445,23.92445,23.92445,23.92445,23.92445,23.92445,23.92445,23.92445,23.92445,23.92445,23.92445,23.92445,23.92445,23.92445
14,14.5,14.5.1,ER_MRN_MPA,Average proportion of Marine Key Biodiversity Areas (KBAs) covered by protected areas (%),36,Australia,C,G,PERCENT,42.91707,43.10002,44.75936,45.06939,45.19366,45.6799,46.70083,48.0066,48.85727,53.22838,53.78497,56.04374,58.78327,61.54753,61.65595,61.95553,63.16105,63.16105,63.16195,63.16195
14,14.5,14.5.1,ER_MRN_MPA,Average proportion of Marine Key Biodiversity Areas (KBAs) covered by protected areas (%),53,Australia and New Zealand,C,G,PERCENT,41.56806,41.70931,43.44593,43.60752,43.68177,43.95894,44.50951,45.77962,46.33438,48.76127,49.14039,50.40446,51.92257,53.38904,53.49882,53.8157,54.47302,54.47302,54.48432,54.48432
14,14.5,14.5.1,ER_MRN_MPA,Average proportion of Marine Key Biodiversity Areas (KBAs) covered by protected areas (%),44,Bahamas,C,G,PERCENT,7.0998,7.0998,9.61514,9.61514,9.61514,9.61514,9.61514,9.61514,9.61514,9.64357,9.68879,9.68879,9.68964,9.68964,9.68964,28.6542,28.6542,28.6542,28.6542,28.6542
14,14.5,14.5.1,ER_MRN_MPA,Average proportion of Marine Key Biodiversity Areas (KBAs) covered by protected areas (%),48,Bahrain,C,G,PERCENT,0,0,0,0,0,0,0,0,0,0,0,0,0,0,0,0,0,0,0,0
14,14.5,14.5.1,ER_MRN_MPA,Average proportion of Marine Key Biodiversity Areas (KBAs) covered by protected areas (%),50,Bangladesh,C,G,PERCENT,25.18675,25.78079,25.78079,25.78079,25.78079,25.78079,25.78079,25.78079,25.78079,25.78079,25.78079,25.85321,25.85321,25.85321,25.85321,25.85321,25.85321,25.85321,25.85321,25.85321
14,14.5,14.5.1,ER_MRN_MPA,Average proportion of Marine Key Biodiversity Areas (KBAs) covered by protected areas (%),52,Barbados,C,G,PERCENT,0,0,0,0,0,0,0,0,0,0,0,0,0,0,0,0,0,0,0,0
14,14.5,14.5.1,ER_MRN_MPA,Average proportion of Marine Key Biodiversity Areas (KBAs) covered by protected areas (%),56,Belgium,C,G,PERCENT,80.79487,80.79487,82.00182,82.65622,82.65622,91.6602,91.6602,91.66264,91.66264,91.66264,91.66264,91.66264,91.66425,91.66425,91.66425,91.66425,91.66425,91.66425,91.66425,91.66425
14,14.5,14.5.1,ER_MRN_MPA,Average proportion of Marine Key Biodiversity Areas (KBAs) covered by protected areas (%),84,Belize,C,G,PERCENT,22.7198,23.33296,23.53229,23.65291,23.65291,23.66474,23.66479,23.66626,23.66626,23.66879,23.69927,23.70086,27.73486,27.73595,27.73595,27.73595,27.73595,27.73595,27.73595,27.73595
14,14.5,14.5.1,ER_MRN_MPA,Average proportion of Marine Key Biodiversity Areas (KBAs) covered by protected areas (%),204,Benin,C,G,PERCENT,0.00034,0.00034,0.00034,0.00034,0.00034,0.00034,0.00034,0.00034,0.00034,0.00034,0.00034,0.00034,0.00034,0.00034,0.00034,0.00034,0.00034,0.00034,0.00034,0.00034
14,14.5,14.5.1,ER_MRN_MPA,Average proportion of Marine Key Biodiversity Areas (KBAs) covered by protected areas (%),60,Bermuda,C,G,PERCENT,3.96821,3.96821,3.96821,3.96821,3.96821,3.96821,3.96821,3.96821,3.96821,3.96821,3.96821,3.96821,3.96821,3.96821,3.96821,3.96821,3.96821,3.96821,3.96821,3.96821
14,14.5,14.5.1,ER_MRN_MPA,Average proportion of Marine Key Biodiversity Areas (KBAs) covered by protected areas (%),535,"Bonaire, Sint Eustatius and Saba",C,G,PERCENT,43.69393,43.69393,43.69393,43.69393,43.69393,43.69393,43.69393,43.69393,43.69393,43.69393,43.69393,43.69393,43.69393,43.69393,43.69393,43.69393,43.69393,43.69393,43.69393,43.69393
14,14.5,14.5.1,ER_MRN_MPA,Average proportion of Marine Key Biodiversity Areas (KBAs) covered by protected areas (%),76,Brazil,C,G,PERCENT,41.75682,41.75809,41.91349,42.10786,42.10786,42.61511,42.61511,42.61511,49.76172,49.76172,49.76172,50.1741,50.1741,54.52192,54.63016,54.63016,56.47881,56.49719,57.22355,57.22355
14,14.5,14.5.1,ER_MRN_MPA,Average proportion of Marine Key Biodiversity Areas (KBAs) covered by protected areas (%),92,British Virgin Islands,C,G,PERCENT,9.85069,9.85069,9.85069,9.85069,9.85069,9.85069,9.85069,9.85069,9.85069,9.85069,9.85069,9.85069,9.85069,9.85069,9.85069,9.85069,9.85069,9.85069,9.85069,9.85069
14,14.5,14.5.1,ER_MRN_MPA,Average proportion of Marine Key Biodiversity Areas (KBAs) covered by protected areas (%),96,Brunei Darussalam,C,G,PERCENT,5.44748,5.44748,5.44748,5.44748,5.44748,5.44748,5.44748,5.44748,5.44748,5.44748,5.44748,5.44748,5.44748,5.44748,5.44748,5.44748,5.44748,5.44748,5.44748,5.44748
14,14.5,14.5.1,ER_MRN_MPA,Average proportion of Marine Key Biodiversity Areas (KBAs) covered by protected areas (%),100,Bulgaria,C,G,PERCENT,17.9657,22.71506,49.35492,49.35492,49.35626,49.56331,49.56331,99.73037,99.73037,99.73037,99.73037,99.73037,99.73037,99.73037,99.73037,99.73037,99.73037,99.73037,99.73037,99.73037
14,14.5,14.5.1,ER_MRN_MPA,Average proportion of Marine Key Biodiversity Areas (KBAs) covered by protected areas (%),132,Cabo Verde,C,G,PERCENT,0,0,0,0,0,14.11607,14.11607,14.11607,14.11607,14.11607,14.11607,14.11607,14.11607,14.11607,14.11607,14.11607,14.11607,14.11607,14.11607,14.11607
14,14.5,14.5.1,ER_MRN_MPA,Average proportion of Marine Key Biodiversity Areas (KBAs) covered by protected areas (%),116,Cambodia,C,G,PERCENT,33.81025,33.81025,33.81025,33.81025,34.18651,34.18651,34.18651,34.18651,34.18651,34.18651,34.18651,34.18651,34.18651,34.18651,34.18651,34.18651,34.18651,34.18651,34.18651,34.18651
14,14.5,14.5.1,ER_MRN_MPA,Average proportion of Marine Key Biodiversity Areas (KBAs) covered by protected areas (%),124,Canada,C,G,PERCENT,19.27777,19.28377,19.28377,19.2939,19.31085,22.51533,22.62027,22.69304,24.7376,25.21179,30.11392,30.17493,30.1763,30.17671,30.21813,30.39301,30.82969,32.96573,32.96573,32.96573
14,14.5,14.5.1,ER_MRN_MPA,Average proportion of Marine Key Biodiversity Areas (KBAs) covered by protected areas (%),136,Cayman Islands,C,G,PERCENT,31.49777,31.49777,31.49777,31.49777,31.49777,31.49777,31.49777,31.49777,31.49777,31.49777,31.49777,31.49777,31.49777,31.49801,31.49801,31.49801,31.49801,31.49801,31.49801,31.49801
14,14.5,14.5.1,ER_MRN_MPA,Average proportion of Marine Key Biodiversity Areas (KBAs) covered by protected areas (%),62,Central and Southern Asia,C,G,PERCENT,30.34153,33.68844,33.68844,33.68844,33.68844,33.68844,33.68844,33.68844,33.68844,33.68844,33.68844,33.69206,33.89169,34.28074,34.28074,34.28074,34.28074,34.28074,34.28074,34.28074
14,14.5,14.5.1,ER_MRN_MPA,Average proportion of Marine Key Biodiversity Areas (KBAs) covered by protected areas (%),152,Chile,C,G,PERCENT,17.23434,17.23434,17.23434,17.23434,19.04216,19.25567,19.25567,20.62523,20.62523,20.75865,22.12851,22.12851,22.12851,22.12851,22.12851,22.8842,22.8842,22.97042,24.33443,27.07415
14,14.5,14.5.1,ER_MRN_MPA,Average proportion of Marine Key Biodiversity Areas (KBAs) covered by protected areas (%),156,China,C,G,PERCENT,3.52502,4.03172,5.89347,5.89347,7.34248,7.34248,7.34433,7.34433,7.34433,7.9805,7.9805,7.9805,7.9805,8.27774,8.27774,8.27774,8.27774,8.27774,8.27774,8.27774
14,14.5,14.5.1,ER_MRN_MPA,Average proportion of Marine Key Biodiversity Areas (KBAs) covered by protected areas (%),344,"China, Hong Kong Special Administrative Region",C,G,PERCENT,32.47812,32.47812,32.47812,32.47812,32.47812,32.47812,32.47812,32.47812,32.47812,32.47812,32.47812,32.47812,32.47812,32.47812,32.47812,32.47812,32.47812,32.47812,32.47812,32.47812
14,14.5,14.5.1,ER_MRN_MPA,Average proportion of Marine Key Biodiversity Areas (KBAs) covered by protected areas (%),446,"China, Macao Special Administrative Region",C,G,PERCENT,0,0,0,0,0,0,0,0,0,0,0,0,0,0,0,0,0,0,0,0
14,14.5,14.5.1,ER_MRN_MPA,Average proportion of Marine Key Biodiversity Areas (KBAs) covered by protected areas (%),170,Colombia,C,G,PERCENT,40.43552,40.43552,41.12014,41.12014,41.12014,48.80415,55.74215,55.74215,55.74215,55.74215,55.74215,55.79264,55.79264,55.79264,56.38403,56.38403,56.38403,56.38403,56.38403,56.38403
14,14.5,14.5.1,ER_MRN_MPA,Average proportion of Marine Key Biodiversity Areas (KBAs) covered by protected areas (%),174,Comoros,C,G,PERCENT,7.14286,7.14286,7.14286,7.14286,7.14286,7.14286,7.14286,7.14286,7.14286,7.14286,7.14286,7.14286,7.14286,7.14286,7.14286,7.14286,7.14286,7.14286,7.14286,7.14286
14,14.5,14.5.1,ER_MRN_MPA,Average proportion of Marine Key Biodiversity Areas (KBAs) covered by protected areas (%),178,Congo,C,G,PERCENT,52.16113,52.16113,52.16113,52.16113,52.16113,52.16113,52.16113,52.16113,52.16113,52.16113,52.16113,52.16113,52.16113,52.16113,52.16113,52.16113,52.16113,65.37219,65.37219,65.37219
14,14.5,14.5.1,ER_MRN_MPA,Average proportion of Marine Key Biodiversity Areas (KBAs) covered by protected areas (%),184,Cook Islands,C,G,PERCENT,0,0,0,0,0,0,0,0,0,0,0,0,0,0,0,0,0,29.34121,29.34121,29.34121
14,14.5,14.5.1,ER_MRN_MPA,Average proportion of Marine Key Biodiversity Areas (KBAs) covered by protected areas (%),188,Costa Rica,C,G,PERCENT,46.71509,48.42897,48.42897,48.42897,48.61123,48.61123,48.61292,48.61328,48.61328,48.63123,48.63123,48.63434,48.63727,48.65435,48.65435,48.65435,48.65435,48.66356,48.66356,48.66356
14,14.5,14.5.1,ER_MRN_MPA,Average proportion of Marine Key Biodiversity Areas (KBAs) covered by protected areas (%),384,Côte d'Ivoire,C,G,PERCENT,93.33396,93.33396,93.33396,93.33396,93.33396,93.33396,93.33396,93.33396,93.33396,93.33396,93.33396,93.33396,93.33396,93.33396,93.33396,93.33396,93.33396,93.33396,93.33396,93.33396
14,14.5,14.5.1,ER_MRN_MPA,Average proportion of Marine Key Biodiversity Areas (KBAs) covered by protected areas (%),191,Croatia,C,G,PERCENT,18.71868,18.71868,18.71868,18.71868,18.71868,18.71868,21.74898,21.74898,21.74898,21.74898,21.74898,21.74898,21.74898,80.58896,80.58896,80.58896,80.58896,80.58896,80.58896,80.58896
14,14.5,14.5.1,ER_MRN_MPA,Average proportion of Marine Key Biodiversity Areas (KBAs) covered by protected areas (%),192,Cuba,C,G,PERCENT,5.48167,38.54545,51.22315,51.22315,51.22315,51.22315,51.22315,51.22315,51.475,51.475,62.51221,62.51221,70.06059,70.06059,70.06059,70.06059,70.06059,70.06059,70.06059,70.06059
14,14.5,14.5.1,ER_MRN_MPA,Average proportion of Marine Key Biodiversity Areas (KBAs) covered by protected areas (%),531,Curaçao,C,G,PERCENT,6.06859,6.06859,6.06859,6.06859,6.06859,6.06859,6.06859,6.06859,6.06859,6.06859,6.06859,6.06859,6.06859,40.41405,40.41405,40.41405,40.41405,40.41405,44.79492,44.79492
14,14.5,14.5.1,ER_MRN_MPA,Average proportion of Marine Key Biodiversity Areas (KBAs) covered by protected areas (%),196,Cyprus,C,G,PERCENT,1.67108,8.77947,8.77947,12.16751,26.27709,26.27709,26.27709,29.10206,39.3746,39.3746,39.3746,39.3746,39.3746,39.3746,47.80129,47.80129,54.2399,54.2399,54.2399,54.2399
14,14.5,14.5.1,ER_MRN_MPA,Average proportion of Marine Key Biodiversity Areas (KBAs) covered by protected areas (%),408,Democratic People's Republic of Korea,C,G,PERCENT,0,0,0,0,0,0,0,0,0,0,0,0,0,0,0,0,0,0,0,0
14,14.5,14.5.1,ER_MRN_MPA,Average proportion of Marine Key Biodiversity Areas (KBAs) covered by protected areas (%),208,Denmark,C,G,PERCENT,85.13597,85.13603,85.57228,85.57228,86.22575,86.3891,86.3891,86.39907,86.39907,86.81258,86.81791,86.81791,86.81791,86.81791,86.85103,86.85103,86.85109,86.85109,86.85114,86.85114
14,14.5,14.5.1,ER_MRN_MPA,Average proportion of Marine Key Biodiversity Areas (KBAs) covered by protected areas (%),515,Developing regions,C,G,PERCENT,16.51649,17.43295,17.96965,18.39023,19.25774,19.89298,20.91521,21.8324,23.08904,24.31582,25.12067,25.26783,26.20619,26.6545,27.40759,27.92015,28.578,29.36078,29.56412,29.71573
14,14.5,14.5.1,ER_MRN_MPA,Average proportion of Marine Key Biodiversity Areas (KBAs) covered by protected areas (%),262,Djibouti,C,G,PERCENT,0,0,0,0,0,0,0,0,0,0,0,0,0,0,0,0,0,0,0,0
14,14.5,14.5.1,ER_MRN_MPA,Average proportion of Marine Key Biodiversity Areas (KBAs) covered by protected areas (%),212,Dominica,C,G,PERCENT,0,0,0,0,0,0,0,0,0,0,0,0,0,0,0,0,0,0,0,0
14,14.5,14.5.1,ER_MRN_MPA,Average proportion of Marine Key Biodiversity Areas (KBAs) covered by protected areas (%),214,Dominican Republic,C,G,PERCENT,28.20506,28.20506,28.20506,28.20506,71.5513,71.5513,71.5513,71.5513,71.5513,71.55169,71.55169,71.55169,71.55169,71.55169,85.33835,85.33835,85.33835,85.33835,85.33835,85.33835
14,14.5,14.5.1,ER_MRN_MPA,Average proportion of Marine Key Biodiversity Areas (KBAs) covered by protected areas (%),753,Eastern and South-Eastern Asia,C,G,PERCENT,20.1577,20.58606,21.3537,22.9916,23.82948,23.95076,24.21597,24.43883,25.12465,26.64082,26.67255,26.91182,27.77525,29.72393,30.26161,30.51338,31.32553,32.21915,32.61191,32.61191
14,14.5,14.5.1,ER_MRN_MPA,Average proportion of Marine Key Biodiversity Areas (KBAs) covered by protected areas (%),30,Eastern Asia,C,G,PERCENT,27.825,28.0393,29.50255,32.27208,33.65979,33.86437,34.30771,34.31325,34.90415,35.18827,35.19534,35.21025,35.91471,38.53882,38.77707,38.77721,38.77721,38.79472,38.92885,38.92885
14,14.5,14.5.1,ER_MRN_MPA,Average proportion of Marine Key Biodiversity Areas (KBAs) covered by protected areas (%),218,Ecuador,C,G,PERCENT,50.6985,51.75829,55.59822,55.59822,58.26384,58.26384,58.26384,58.26384,58.26437,58.26437,62.03116,62.03116,67.14021,67.14021,67.14021,67.14355,67.30362,67.50187,67.50187,67.50187
14,14.5,14.5.1,ER_MRN_MPA,Average proportion of Marine Key Biodiversity Areas (KBAs) covered by protected areas (%),818,Egypt,C,G,PERCENT,27.90205,27.90205,27.90205,36.99296,36.99296,36.99296,40.07472,40.07472,40.07472,40.07472,43.00711,43.00711,43.00711,43.00711,43.00711,43.00711,43.00711,43.00711,43.00711,43.00711
14,14.5,14.5.1,ER_MRN_MPA,Average proportion of Marine Key Biodiversity Areas (KBAs) covered by protected areas (%),222,El Salvador,C,G,PERCENT,0,0,0,0,0,15.13269,15.13269,15.21238,15.56355,15.56355,17.22125,27.33428,27.33428,27.33428,27.33428,27.33428,27.33428,27.33428,27.33428,27.33428
14,14.5,14.5.1,ER_MRN_MPA,Average proportion of Marine Key Biodiversity Areas (KBAs) covered by protected areas (%),226,Equatorial Guinea,C,G,PERCENT,100,100,100,100,100,100,100,100,100,100,100,100,100,100,100,100,100,100,100,100
14,14.5,14.5.1,ER_MRN_MPA,Average proportion of Marine Key Biodiversity Areas (KBAs) covered by protected areas (%),232,Eritrea,C,G,PERCENT,0,0,0,0,0,0,0,0,0,0,0,0,0,0,0,0,0,0,0,0
14,14.5,14.5.1,ER_MRN_MPA,Average proportion of Marine Key Biodiversity Areas (KBAs) covered by protected areas (%),233,Estonia,C,G,PERCENT,7.25717,7.38296,7.38296,7.65114,97.0271,97.0271,97.02813,97.02817,97.02871,97.05423,97.05483,97.05584,97.05591,97.05591,97.05591,97.05598,97.05598,97.05796,97.07623,97.07623
14,14.5,14.5.1,ER_MRN_MPA,Average proportion of Marine Key Biodiversity Areas (KBAs) covered by protected areas (%),150,Europe,C,G,PERCENT,49.27132,51.58744,54.5143,55.43913,59.33762,60.7954,61.57937,62.61158,63.94963,64.40851,65.18931,65.66378,66.03282,67.47069,69.49867,69.65398,70.30138,70.38706,70.50966,70.51538
14,14.5,14.5.1,ER_MRN_MPA,Average proportion of Marine Key Biodiversity Areas (KBAs) covered by protected areas (%),513,Europe and Northern America,C,G,PERCENT,45.7452,47.50345,50.51032,51.21029,54.04177,55.43654,56.09304,56.92249,58.62503,59.01323,60.0894,60.47033,60.78329,61.88733,63.37968,63.51272,64.01998,64.26623,64.35513,64.35928
14,14.5,14.5.1,ER_MRN_MPA,Average proportion of Marine Key Biodiversity Areas (KBAs) covered by protected areas (%),238,Falkland Islands (Malvinas),C,G,PERCENT,9.36069,10.42409,10.42409,10.42409,10.42409,10.42409,10.42409,10.42409,10.42409,10.42409,10.42409,10.42409,10.42409,10.42409,10.42409,10.42409,10.42409,10.42409,10.42409,10.42409
14,14.5,14.5.1,ER_MRN_MPA,Average proportion of Marine Key Biodiversity Areas (KBAs) covered by protected areas (%),234,Faroe Islands,C,G,PERCENT,0,0,0,0,0,0,0,0,0,0,0,0,16.66667,16.66667,16.66667,16.66667,16.66667,16.66667,16.66667,16.66667
14,14.5,14.5.1,ER_MRN_MPA,Average proportion of Marine Key Biodiversity Areas (KBAs) covered by protected areas (%),242,Fiji,C,G,PERCENT,3.31292,3.33481,3.57778,4.32455,10.09742,10.14862,14.26593,14.56775,14.56775,14.56775,14.56775,14.56775,14.56775,14.56775,14.56775,14.56775,14.56775,14.56775,14.56775,14.56775
14,14.5,14.5.1,ER_MRN_MPA,Average proportion of Marine Key Biodiversity Areas (KBAs) covered by protected areas (%),246,Finland,C,G,PERCENT,53.97575,54.07965,54.08016,54.08327,55.60329,59.24504,59.40616,59.45659,59.47899,59.64182,59.72502,60.68657,60.87466,60.88684,60.89797,60.89995,60.97463,60.97463,60.97488,60.97488
14,14.5,14.5.1,ER_MRN_MPA,Average proportion of Marine Key Biodiversity Areas (KBAs) covered by protected areas (%),250,France,C,G,PERCENT,22.50677,28.86947,42.43826,46.88153,48.80714,53.03054,70.87897,71.71829,73.68663,73.7209,75.79844,77.37555,79.15988,79.73171,80.14953,80.23972,80.24675,80.43714,81.1292,81.1292
14,14.5,14.5.1,ER_MRN_MPA,Average proportion of Marine Key Biodiversity Areas (KBAs) covered by protected areas (%),254,French Guiana,C,G,PERCENT,50.35428,53.48471,53.48471,53.48471,53.48471,53.48471,53.48471,53.48471,53.73818,53.73818,53.73818,53.73818,53.73818,54.29252,54.29252,54.30102,54.30102,54.30114,54.30114,54.30114
14,14.5,14.5.1,ER_MRN_MPA,Average proportion of Marine Key Biodiversity Areas (KBAs) covered by protected areas (%),258,French Polynesia,C,G,PERCENT,0,0,0,0,0,0,0,0,0,0,0,0,0,0,0,0,0,0,0,0
14,14.5,14.5.1,ER_MRN_MPA,Average proportion of Marine Key Biodiversity Areas (KBAs) covered by protected areas (%),266,Gabon,C,G,PERCENT,30.38588,30.38588,65.69864,65.69864,65.69864,65.69864,65.69864,65.69864,65.69864,65.69864,65.69864,65.69864,65.69864,65.69864,65.69864,65.69864,65.69864,67.02699,67.02699,67.02699
14,14.5,14.5.1,ER_MRN_MPA,Average proportion of Marine Key Biodiversity Areas (KBAs) covered by protected areas (%),270,Gambia,C,G,PERCENT,27.0385,27.0385,27.0385,33.74275,33.74275,33.74275,33.74275,33.74275,33.74275,33.74275,33.74275,33.74275,33.74275,33.74275,33.74275,33.74275,33.74275,33.74275,33.74275,33.74275
14,14.5,14.5.1,ER_MRN_MPA,Average proportion of Marine Key Biodiversity Areas (KBAs) covered by protected areas (%),268,Georgia,C,G,PERCENT,35.63748,35.63748,35.63748,35.63748,35.63748,35.63748,35.63748,35.63748,35.63748,35.63748,35.63748,35.63748,35.63748,35.63748,35.63748,35.63748,35.63748,35.63748,35.63748,35.63748
14,14.5,14.5.1,ER_MRN_MPA,Average proportion of Marine Key Biodiversity Areas (KBAs) covered by protected areas (%),276,Germany,C,G,PERCENT,38.10811,44.75861,44.78105,44.87682,60.66733,61.06231,63.59527,65.71386,68.43515,68.5174,68.58299,69.31167,69.31506,69.33112,69.33112,69.43513,69.43725,69.44827,69.44827,69.44827
14,14.5,14.5.1,ER_MRN_MPA,Average proportion of Marine Key Biodiversity Areas (KBAs) covered by protected areas (%),288,Ghana,C,G,PERCENT,15.94816,15.94816,15.94816,15.94816,15.94816,15.94816,15.94816,15.94816,15.94816,15.94816,15.94816,15.94816,15.94816,15.94816,15.94816,15.94816,15.94816,15.94816,15.94816,15.94816
14,14.5,14.5.1,ER_MRN_MPA,Average proportion of Marine Key Biodiversity Areas (KBAs) covered by protected areas (%),300,Greece,C,G,PERCENT,57.51615,72.00547,76.91274,76.95087,76.95087,77.76556,78.17042,78.17042,79.89344,81.19164,86.08701,86.08701,86.08701,86.08701,86.08701,86.08701,86.08701,86.08701,86.08701,86.08701
14,14.5,14.5.1,ER_MRN_MPA,Average proportion of Marine Key Biodiversity Areas (KBAs) covered by protected areas (%),304,Greenland,C,G,PERCENT,26.0812,26.0812,26.0812,26.0812,26.0812,26.0812,26.0812,26.0812,26.30665,26.30665,26.30665,26.30665,26.30665,26.30665,26.30665,26.30665,26.30665,26.30665,26.30665,26.30665
14,14.5,14.5.1,ER_MRN_MPA,Average proportion of Marine Key Biodiversity Areas (KBAs) covered by protected areas (%),308,Grenada,C,G,PERCENT,0.11729,0.11729,0.11729,0.11729,0.11729,0.11729,0.11729,0.11729,0.11729,0.11729,0.11729,0.11729,0.11729,0.11729,0.11729,0.11729,0.11729,0.11729,0.11729,0.11729
14,14.5,14.5.1,ER_MRN_MPA,Average proportion of Marine Key Biodiversity Areas (KBAs) covered by protected areas (%),312,Guadeloupe,C,G,PERCENT,52.62309,52.62309,52.62309,52.69443,52.69443,52.69443,52.69443,52.69443,52.69443,52.72156,85.7532,85.88873,85.88873,85.88873,85.88873,85.88873,85.88873,85.88873,85.88873,85.88873
14,14.5,14.5.1,ER_MRN_MPA,Average proportion of Marine Key Biodiversity Areas (KBAs) covered by protected areas (%),316,Guam,C,G,PERCENT,47.38756,47.38756,47.38756,47.38756,47.38756,47.38756,47.38756,47.38756,47.38756,47.38756,47.38756,47.38756,47.38756,47.38756,47.38756,47.38756,47.38756,47.38756,47.38756,47.38756
14,14.5,14.5.1,ER_MRN_MPA,Average proportion of Marine Key Biodiversity Areas (KBAs) covered by protected areas (%),320,Guatemala,C,G,PERCENT,35.14668,35.20132,35.42318,35.51644,35.51644,38.46904,38.61048,38.61048,38.61048,38.62532,38.62532,38.62532,38.62532,38.77855,39.98769,39.98769,48.69,48.69,48.69,48.69
14,14.5,14.5.1,ER_MRN_MPA,Average proportion of Marine Key Biodiversity Areas (KBAs) covered by protected areas (%),324,Guinea,C,G,PERCENT,74.28061,74.28061,74.28061,74.28061,74.28061,74.28061,74.28061,74.28061,74.28061,74.28061,74.28061,74.28061,74.28061,74.28061,74.28061,74.28061,74.28061,74.28061,74.28061,74.28061
14,14.5,14.5.1,ER_MRN_MPA,Average proportion of Marine Key Biodiversity Areas (KBAs) covered by protected areas (%),624,Guinea-Bissau,C,G,PERCENT,60.43433,60.43433,60.43433,60.43433,60.43433,60.43433,60.43433,60.43433,60.43433,60.43433,60.43433,60.43433,60.43433,60.43433,60.43433,60.94046,60.94046,60.94046,60.94046,60.94046
14,14.5,14.5.1,ER_MRN_MPA,Average proportion of Marine Key Biodiversity Areas (KBAs) covered by protected areas (%),332,Haiti,C,G,PERCENT,10.69082,10.69082,10.69082,10.69082,10.69082,10.69082,10.69082,10.69082,10.69082,10.69082,10.69082,10.69082,10.69082,10.69082,23.19082,23.19082,23.19082,35.6904,35.6904,35.6904
14,14.5,14.5.1,ER_MRN_MPA,Average proportion of Marine Key Biodiversity Areas (KBAs) covered by protected areas (%),340,Honduras,C,G,PERCENT,41.95769,41.95769,41.95769,41.95769,41.95769,41.95769,41.95769,41.95769,41.95769,41.95769,44.42328,44.42328,44.42328,54.2918,54.2918,54.2918,54.2918,54.2918,54.29314,54.29314
14,14.5,14.5.1,ER_MRN_MPA,Average proportion of Marine Key Biodiversity Areas (KBAs) covered by protected areas (%),352,Iceland,C,G,PERCENT,11.31146,11.31146,11.35561,11.35561,11.79755,11.79755,12.23668,12.23668,12.23668,13.82926,13.82926,14.22751,16.6114,16.6114,16.6114,16.6114,16.6114,16.6114,16.6114,16.6114
14,14.5,14.5.1,ER_MRN_MPA,Average proportion of Marine Key Biodiversity Areas (KBAs) covered by protected areas (%),356,India,C,G,PERCENT,18.80259,18.80259,18.80259,18.80259,18.80259,18.80259,18.80259,18.80259,18.80259,18.80259,18.80259,18.80259,18.80259,18.80259,18.80259,18.80259,18.80259,18.80259,18.80259,18.80259
14,14.5,14.5.1,ER_MRN_MPA,Average proportion of Marine Key Biodiversity Areas (KBAs) covered by protected areas (%),360,Indonesia,C,G,PERCENT,6.65047,6.65047,6.65047,6.77375,7.35595,7.39633,7.53179,8.36992,9.15329,13.89704,14.05558,14.82088,16.60592,19.06207,19.82178,20.55326,23.24678,24.85484,26.06455,26.06455
14,14.5,14.5.1,ER_MRN_MPA,Average proportion of Marine Key Biodiversity Areas (KBAs) covered by protected areas (%),364,Iran (Islamic Republic of),C,G,PERCENT,52.38739,67.99776,67.99776,67.99776,67.99776,67.99776,67.99776,67.99776,67.99776,67.99776,67.99776,67.99776,67.99776,67.99776,67.99776,67.99776,67.99776,67.99776,67.99776,67.99776
14,14.5,14.5.1,ER_MRN_MPA,Average proportion of Marine Key Biodiversity Areas (KBAs) covered by protected areas (%),368,Iraq,C,G,PERCENT,0,0,0,0,0,0,0,0,0,0,0,0,0,0,0,0,0,0,0,0
14,14.5,14.5.1,ER_MRN_MPA,Average proportion of Marine Key Biodiversity Areas (KBAs) covered by protected areas (%),372,Ireland,C,G,PERCENT,63.42134,66.27442,75.47809,75.6039,76.84712,79.54734,81.01754,81.21583,81.31952,82.39988,82.40175,82.98297,83.13509,83.13509,83.13509,83.13509,83.13509,83.13509,83.13509,83.13509
14,14.5,14.5.1,ER_MRN_MPA,Average proportion of Marine Key Biodiversity Areas (KBAs) covered by protected areas (%),376,Israel,C,G,PERCENT,10.82565,10.82565,10.82565,10.82565,10.82565,10.82565,10.82565,10.82565,10.82565,10.82565,10.82565,10.82565,10.82565,10.82565,10.82565,10.82565,10.82565,10.82565,10.82565,10.82565
14,14.5,14.5.1,ER_MRN_MPA,Average proportion of Marine Key Biodiversity Areas (KBAs) covered by protected areas (%),380,Italy,C,G,PERCENT,67.82529,69.75941,69.92827,70.04122,70.05492,74.30728,75.6093,75.93177,75.93178,77.14662,77.15887,77.159,77.15901,77.15904,77.15904,77.15904,77.1661,77.1685,77.1685,77.1685
14,14.5,14.5.1,ER_MRN_MPA,Average proportion of Marine Key Biodiversity Areas (KBAs) covered by protected areas (%),388,Jamaica,C,G,PERCENT,14.36407,14.36407,14.36407,14.36407,14.36407,14.36407,14.36407,14.36407,14.36407,14.36553,14.36553,14.36553,14.36553,14.36553,14.36553,14.36553,14.36553,14.36553,14.36553,14.36553
14,14.5,14.5.1,ER_MRN_MPA,Average proportion of Marine Key Biodiversity Areas (KBAs) covered by protected areas (%),392,Japan,C,G,PERCENT,48.94229,49.03189,50.45931,55.99207,57.79808,58.20648,58.21601,58.22683,58.57424,58.60168,58.61582,58.61613,59.32081,64.37018,64.84668,64.84668,64.84668,64.84668,64.84668,64.84668
14,14.5,14.5.1,ER_MRN_MPA,Average proportion of Marine Key Biodiversity Areas (KBAs) covered by protected areas (%),404,Kenya,C,G,PERCENT,51.93535,51.93535,51.93535,51.93535,51.93535,51.93535,51.93535,51.93535,51.93535,51.93535,51.93535,51.93535,51.93535,51.93535,51.93535,51.93535,51.93535,51.93535,51.93535,51.93535
14,14.5,14.5.1,ER_MRN_MPA,Average proportion of Marine Key Biodiversity Areas (KBAs) covered by protected areas (%),296,Kiribati,C,G,PERCENT,0,0,0,0,0,0,32.92218,32.92218,32.92218,32.92218,32.92218,32.92218,32.92218,32.92218,32.92218,32.92218,32.92218,32.92218,32.92218,32.92218
14,14.5,14.5.1,ER_MRN_MPA,Average proportion of Marine Key Biodiversity Areas (KBAs) covered by protected areas (%),414,Kuwait,C,G,PERCENT,12.94163,12.94163,13.02464,13.02464,13.02464,13.02464,13.02464,13.02464,13.02464,13.02464,13.02464,13.02464,13.02464,13.02464,13.02464,13.02464,32.07588,32.07588,32.07588,32.07588
14,14.5,14.5.1,ER_MRN_MPA,Average proportion of Marine Key Biodiversity Areas (KBAs) covered by protected areas (%),419,Latin America and the Caribbean,C,G,PERCENT,25.16653,26.82516,27.74399,27.75462,29.71541,31.11752,31.45144,31.75321,32.43297,33.22618,35.93856,36.07568,37.26855,37.79957,38.18525,39.53222,40.6569,40.89486,41.13774,41.48436
14,14.5,14.5.1,ER_MRN_MPA,Average proportion of Marine Key Biodiversity Areas (KBAs) covered by protected areas (%),428,Latvia,C,G,PERCENT,64.11595,64.11612,67.4987,67.4987,73.00641,73.00641,73.00641,73.00641,96.1354,96.1354,96.1354,96.1354,96.1354,96.13558,96.13558,96.13558,96.13558,96.13558,96.13558,96.13558
14,14.5,14.5.1,ER_MRN_MPA,Average proportion of Marine Key Biodiversity Areas (KBAs) covered by protected areas (%),199,Least Developed Countries (LDCs),C,G,PERCENT,12.7629,12.77003,12.77003,13.28175,13.58912,13.58914,17.61335,17.73634,21.1043,21.29033,21.32979,21.52658,21.86516,21.86516,22.16546,22.34898,22.66547,25.37578,25.37578,25.37578
14,14.5,14.5.1,ER_MRN_MPA,Average proportion of Marine Key Biodiversity Areas (KBAs) covered by protected areas (%),422,Lebanon,C,G,PERCENT,0.79478,0.79478,0.79478,0.79478,0.79478,0.79478,0.79478,0.79478,0.79478,0.79478,0.79478,0.79478,12.64733,12.64733,12.64733,12.64733,12.64733,12.64733,12.64733,12.64733
14,14.5,14.5.1,ER_MRN_MPA,Average proportion of Marine Key Biodiversity Areas (KBAs) covered by protected areas (%),430,Liberia,C,G,PERCENT,0,0,0,96.65548,96.65548,96.65548,96.65548,96.65548,96.65548,96.65548,96.65548,96.65548,96.65548,96.65548,96.65548,96.65548,96.65548,96.65548,96.65548,96.65548
14,14.5,14.5.1,ER_MRN_MPA,Average proportion of Marine Key Biodiversity Areas (KBAs) covered by protected areas (%),434,Libya,C,G,PERCENT,0,0,0,0,0,0,0,0,0,0,0,0,0,0,0,0,0,0,0,0
14,14.5,14.5.1,ER_MRN_MPA,Average proportion of Marine Key Biodiversity Areas (KBAs) covered by protected areas (%),440,Lithuania,C,G,PERCENT,50.28009,50.28009,50.28009,50.28009,66.43606,70.15555,70.15555,70.15555,70.15555,70.15568,70.15568,70.15568,70.15568,79.83452,79.98647,83.44688,83.44688,83.44688,83.44688,83.44688
14,14.5,14.5.1,ER_MRN_MPA,Average proportion of Marine Key Biodiversity Areas (KBAs) covered by protected areas (%),450,Madagascar,C,G,PERCENT,8.49011,8.49011,8.49011,8.49011,8.49011,8.49011,9.65397,9.69794,10.45424,11.45336,11.66532,12.71759,12.92318,12.92318,12.92318,13.78168,13.78168,21.20368,21.20368,21.20368
14,14.5,14.5.1,ER_MRN_MPA,Average proportion of Marine Key Biodiversity Areas (KBAs) covered by protected areas (%),458,Malaysia,C,G,PERCENT,13.71158,13.71158,13.71158,13.71158,13.71158,13.71158,13.71158,13.71158,13.71158,13.71158,13.71158,13.71158,13.71158,13.71158,13.71158,13.71158,13.71158,13.71158,13.71158,13.71158
14,14.5,14.5.1,ER_MRN_MPA,Average proportion of Marine Key Biodiversity Areas (KBAs) covered by protected areas (%),462,Maldives,C,G,PERCENT,0,0,0,0,0,0,0,0,0,0,0,0,0,0,0,0,0,0,0,0
14,14.5,14.5.1,ER_MRN_MPA,Average proportion of Marine Key Biodiversity Areas (KBAs) covered by protected areas (%),470,Malta,C,G,PERCENT,44.61519,44.61539,44.81581,48.31877,48.33026,48.68701,48.68869,48.72294,48.723,48.723,51.10164,51.10164,51.10164,51.10164,51.10164,51.10164,93.43226,93.43226,93.43226,93.43226
14,14.5,14.5.1,ER_MRN_MPA,Average proportion of Marine Key Biodiversity Areas (KBAs) covered by protected areas (%),584,Marshall Islands,C,G,PERCENT,0,0,5.00006,5.00006,5.905,5.905,6.6857,6.6857,6.6857,6.6857,6.70387,6.70387,7.6229,7.84666,7.84666,7.84666,7.84666,7.84666,7.84666,7.84666
14,14.5,14.5.1,ER_MRN_MPA,Average proportion of Marine Key Biodiversity Areas (KBAs) covered by protected areas (%),474,Martinique,C,G,PERCENT,40.83563,40.83563,40.83642,40.83659,40.91101,40.91512,40.91512,40.91512,40.91512,40.91512,96.65322,96.65322,96.65322,96.65322,96.65322,96.65322,96.65322,99.79539,99.79539,99.79539
14,14.5,14.5.1,ER_MRN_MPA,Average proportion of Marine Key Biodiversity Areas (KBAs) covered by protected areas (%),478,Mauritania,C,G,PERCENT,15.96034,15.96034,15.96034,15.96034,15.96034,15.96034,15.96034,15.96034,15.96034,15.96034,15.96034,15.96034,15.96034,15.96034,15.96034,15.96034,15.96034,15.96034,15.96034,15.96034
14,14.5,14.5.1,ER_MRN_MPA,Average proportion of Marine Key Biodiversity Areas (KBAs) covered by protected areas (%),480,Mauritius,C,G,PERCENT,9.68378,9.68378,9.68378,9.68378,10.90564,10.90564,10.90564,11.05903,11.05903,11.05903,11.05903,11.05903,11.05903,11.05903,11.05903,11.05903,11.05903,11.05903,11.05903,11.05903
14,14.5,14.5.1,ER_MRN_MPA,Average proportion of Marine Key Biodiversity Areas (KBAs) covered by protected areas (%),175,Mayotte,C,G,PERCENT,9.0708,27.22519,36.31603,36.31609,36.31609,45.40689,45.40689,72.57145,72.57145,80.77633,83.07703,83.07703,83.07703,83.07703,83.07703,83.07703,83.45922,83.45922,83.45922,83.45922
14,14.5,14.5.1,ER_MRN_MPA,Average proportion of Marine Key Biodiversity Areas (KBAs) covered by protected areas (%),484,Mexico,C,G,PERCENT,31.65499,31.65499,33.84288,33.8497,43.69653,52.0194,52.0357,52.20401,56.30348,56.59949,57.042,57.89472,57.96345,57.96345,57.97111,57.97325,65.8051,65.81421,65.82571,65.82571
14,14.5,14.5.1,ER_MRN_MPA,Average proportion of Marine Key Biodiversity Areas (KBAs) covered by protected areas (%),583,Micronesia (Federated States of),C,G,PERCENT,1.60129,1.60129,1.60129,1.60129,1.60129,1.60129,1.60129,1.60129,1.60129,1.60129,1.60129,1.60129,1.60129,1.60129,1.60129,1.60129,1.60129,1.60129,1.60129,1.60129
14,14.5,14.5.1,ER_MRN_MPA,Average proportion of Marine Key Biodiversity Areas (KBAs) covered by protected areas (%),499,Montenegro,C,G,PERCENT,4.21E-05,4.21E-05,4.21E-05,4.21E-05,4.21E-05,4.21E-05,4.21E-05,4.21E-05,4.21E-05,4.21E-05,4.21E-05,4.21E-05,4.21E-05,4.21E-05,4.21E-05,4.21E-05,4.21E-05,4.21E-05,4.21E-05,4.21E-05
14,14.5,14.5.1,ER_MRN_MPA,Average proportion of Marine Key Biodiversity Areas (KBAs) covered by protected areas (%),500,Montserrat,C,G,PERCENT,0,0,0,0,0,0,0,0,0,0,0,0,0,0,9.00299,9.00299,9.00299,9.00299,9.00299,9.00299
14,14.5,14.5.1,ER_MRN_MPA,Average proportion of Marine Key Biodiversity Areas (KBAs) covered by protected areas (%),504,Morocco,C,G,PERCENT,4.87037,4.87037,4.87037,14.21995,17.95718,17.95718,21.64845,21.64845,21.64845,21.70545,21.70545,21.70545,44.95701,44.95701,44.95701,44.95701,44.95701,44.95701,44.95701,44.95701
14,14.5,14.5.1,ER_MRN_MPA,Average proportion of Marine Key Biodiversity Areas (KBAs) covered by protected areas (%),508,Mozambique,C,G,PERCENT,39.66657,39.66657,39.66657,39.66657,39.66657,39.66657,39.66657,39.66657,39.66657,39.66657,39.66657,39.66657,59.66657,59.66657,59.66657,59.66657,59.66657,59.66657,59.66657,59.66657
14,14.5,14.5.1,ER_MRN_MPA,Average proportion of Marine Key Biodiversity Areas (KBAs) covered by protected areas (%),104,Myanmar,C,G,PERCENT,11.43067,11.43067,11.43067,11.43067,11.48276,11.48276,11.48276,11.48276,11.48276,11.48276,11.48276,11.48276,11.48276,11.48276,11.48276,11.48276,11.48276,19.97917,19.97917,19.97917
14,14.5,14.5.1,ER_MRN_MPA,Average proportion of Marine Key Biodiversity Areas (KBAs) covered by protected areas (%),516,Namibia,C,G,PERCENT,22.48379,22.48379,22.48467,22.48467,22.48467,22.48467,22.48467,22.48467,32.79094,67.88468,82.94532,82.94532,82.94532,82.97783,82.97783,82.97783,82.97783,82.97783,82.97783,82.97783
14,14.5,14.5.1,ER_MRN_MPA,Average proportion of Marine Key Biodiversity Areas (KBAs) covered by protected areas (%),520,Nauru,C,G,PERCENT,0,0,0,0,0,0,0,0,0,0,0,0,0,0,0,0,0,0,0,0
14,14.5,14.5.1,ER_MRN_MPA,Average proportion of Marine Key Biodiversity Areas (KBAs) covered by protected areas (%),528,Netherlands,C,G,PERCENT,89.22787,89.22787,90.95567,90.95567,90.95567,92.87874,92.87874,92.87874,94.3583,94.35914,96.32632,96.32632,96.32632,96.32632,96.47783,96.47783,96.47783,96.49904,97.40023,97.40023
14,14.5,14.5.1,ER_MRN_MPA,Average proportion of Marine Key Biodiversity Areas (KBAs) covered by protected areas (%),540,New Caledonia,C,G,PERCENT,5.97775,5.97775,5.97775,5.97775,5.97775,5.97775,5.97775,5.97775,21.41003,25.91729,25.91729,25.91729,25.91729,26.30762,56.39855,56.39855,56.39855,56.39855,56.39855,56.39855
14,14.5,14.5.1,ER_MRN_MPA,Average proportion of Marine Key Biodiversity Areas (KBAs) covered by protected areas (%),554,New Zealand,C,G,PERCENT,39.91495,40.01342,41.89663,41.90696,41.93717,41.94096,41.94228,43.11015,43.3229,43.33165,43.5667,43.63189,43.63191,43.6335,43.74364,44.08417,44.08517,44.08517,44.1089,44.1089
14,14.5,14.5.1,ER_MRN_MPA,Average proportion of Marine Key Biodiversity Areas (KBAs) covered by protected areas (%),558,Nicaragua,C,G,PERCENT,58.71595,58.71595,58.71595,58.71595,58.71595,58.71595,58.71595,58.71595,58.71595,58.71595,58.71595,58.71595,58.71595,58.71595,58.71595,58.71595,58.71595,58.71595,58.71595,58.71595
14,14.5,14.5.1,ER_MRN_MPA,Average proportion of Marine Key Biodiversity Areas (KBAs) covered by protected areas (%),566,Nigeria,C,G,PERCENT,0,0,0,0,0,0,0,0,0,0,0,0,0,0,0,0,0,0,0,0
14,14.5,14.5.1,ER_MRN_MPA,Average proportion of Marine Key Biodiversity Areas (KBAs) covered by protected areas (%),15,Northern Africa,C,G,PERCENT,14.19738,15.13009,15.13009,19.60573,20.58723,21.59733,23.25159,27.0678,27.0678,27.08277,27.75851,27.75851,38.18078,39.19317,39.19317,39.19317,40.16228,40.16228,40.16228,40.16228
14,14.5,14.5.1,ER_MRN_MPA,Average proportion of Marine Key Biodiversity Areas (KBAs) covered by protected areas (%),747,Northern Africa and Western Asia,C,G,PERCENT,9.95023,10.49477,10.49598,12.21202,12.9786,13.52958,14.12729,15.58862,19.48662,19.49203,19.73618,19.73618,23.5884,23.95419,24.20023,24.20023,25.01649,25.01649,25.01649,25.01649
14,14.5,14.5.1,ER_MRN_MPA,Average proportion of Marine Key Biodiversity Areas (KBAs) covered by protected areas (%),21,Northern America,C,G,PERCENT,36.39487,36.68878,39.94125,40.06611,40.08492,41.36059,41.63258,41.92127,44.64864,44.83245,46.65708,46.75499,46.99212,47.19532,47.25897,47.3137,47.45035,48.1188,48.1188,48.1188
14,14.5,14.5.1,ER_MRN_MPA,Average proportion of Marine Key Biodiversity Areas (KBAs) covered by protected areas (%),580,Northern Mariana Islands,C,G,PERCENT,5.96144,5.96144,5.96144,5.96144,5.96144,5.96144,5.96144,5.96144,5.96144,48.02923,48.02923,48.02923,48.02923,48.02923,48.02923,48.02923,48.02923,48.02923,48.02923,48.02923
14,14.5,14.5.1,ER_MRN_MPA,Average proportion of Marine Key Biodiversity Areas (KBAs) covered by protected areas (%),578,Norway,C,G,PERCENT,33.10545,33.10545,43.56851,50.72998,52.6646,52.76894,54.05426,54.05426,54.07429,54.58139,55.52767,55.53955,55.63382,56.22481,56.22481,56.22661,57.36653,57.36653,57.44655,57.44655
14,14.5,14.5.1,ER_MRN_MPA,Average proportion of Marine Key Biodiversity Areas (KBAs) covered by protected areas (%),9,Oceania,C,G,PERCENT,22.53319,23.09203,24.035,24.14966,24.42668,24.56341,26.60618,27.25276,28.42003,31.20085,31.37675,31.95817,32.67728,33.37848,34.97266,35.11862,35.66357,36.15185,36.15703,36.15703
14,14.5,14.5.1,ER_MRN_MPA,Average proportion of Marine Key Biodiversity Areas (KBAs) covered by protected areas (%),543,Oceania (exc. Australia and New Zealand),C,G,PERCENT,6.42755,7.35691,7.60473,7.65699,8.1015,8.10509,11.46447,11.59234,13.29003,16.35034,16.35111,16.35111,16.38961,16.43606,19.29385,19.29385,19.74385,20.64539,20.64539,20.64539
14,14.5,14.5.1,ER_MRN_MPA,Average proportion of Marine Key Biodiversity Areas (KBAs) covered by protected areas (%),512,Oman,C,G,PERCENT,10.38474,10.38474,10.38474,10.38474,10.38474,10.38474,10.38474,10.38474,10.38474,10.38474,10.38474,10.38474,10.38474,10.38474,10.38474,10.38474,10.38474,10.38474,10.38474,10.38474
14,14.5,14.5.1,ER_MRN_MPA,Average proportion of Marine Key Biodiversity Areas (KBAs) covered by protected areas (%),586,Pakistan,C,G,PERCENT,14.58263,14.58263,14.58263,14.58263,14.58263,14.58263,14.58263,14.58263,14.58263,14.58263,14.58263,14.58263,14.58263,14.58263,14.58263,14.58263,14.58263,14.58263,14.58263,14.58263
14,14.5,14.5.1,ER_MRN_MPA,Average proportion of Marine Key Biodiversity Areas (KBAs) covered by protected areas (%),585,Palau,C,G,PERCENT,46.15336,46.15336,46.15336,46.15336,46.15336,46.15336,64.04735,64.04735,70.02914,70.02914,70.02914,70.02914,70.02914,70.02914,70.02914,70.02914,70.02914,70.02914,70.02914,70.02914
14,14.5,14.5.1,ER_MRN_MPA,Average proportion of Marine Key Biodiversity Areas (KBAs) covered by protected areas (%),591,Panama,C,G,PERCENT,31.28183,31.28183,31.28183,31.28183,31.28183,31.28183,31.28183,31.28183,31.28183,31.28183,31.28183,31.28183,31.28183,31.28183,31.28183,31.28183,31.28183,31.28183,31.28183,31.28183
14,14.5,14.5.1,ER_MRN_MPA,Average proportion of Marine Key Biodiversity Areas (KBAs) covered by protected areas (%),598,Papua New Guinea,C,G,PERCENT,1.28666,1.28666,1.6341,1.6341,1.6341,1.6341,1.6341,1.6341,1.6341,1.6341,1.6341,1.6341,1.6341,1.6341,1.6341,1.6341,1.6341,1.6341,1.6341,1.6341
14,14.5,14.5.1,ER_MRN_MPA,Average proportion of Marine Key Biodiversity Areas (KBAs) covered by protected areas (%),604,Peru,C,G,PERCENT,17.70367,17.70367,17.70367,17.70367,17.70367,17.70367,17.70367,17.70367,21.02434,51.64218,51.64218,51.64218,51.64218,51.64218,51.64218,51.64218,51.64218,51.64218,51.64218,51.64218
14,14.5,14.5.1,ER_MRN_MPA,Average proportion of Marine Key Biodiversity Areas (KBAs) covered by protected areas (%),608,Philippines,C,G,PERCENT,29.19754,34.24193,34.29661,36.79261,37.37134,37.38089,37.38089,37.38089,37.38089,37.38089,37.38089,37.38089,37.38089,37.38089,37.99905,37.99905,37.99905,37.99905,37.99905,37.99905
14,14.5,14.5.1,ER_MRN_MPA,Average proportion of Marine Key Biodiversity Areas (KBAs) covered by protected areas (%),616,Poland,C,G,PERCENT,28.43713,28.48477,28.48477,28.49302,84.05295,84.05349,84.0782,89.47257,89.47257,89.48647,89.48647,89.48647,89.48647,89.48647,89.48647,89.48647,89.48647,89.48647,89.51368,89.51368
14,14.5,14.5.1,ER_MRN_MPA,Average proportion of Marine Key Biodiversity Areas (KBAs) covered by protected areas (%),620,Portugal,C,G,PERCENT,41.47144,41.47144,41.47144,41.47144,42.95819,45.96231,46.53283,46.53296,56.23889,56.23889,56.23889,62.38829,62.38835,62.38835,62.38985,65.19943,65.32093,65.32093,65.53717,65.53717
14,14.5,14.5.1,ER_MRN_MPA,Average proportion of Marine Key Biodiversity Areas (KBAs) covered by protected areas (%),630,Puerto Rico,C,G,PERCENT,32.69144,32.69144,32.69144,32.69144,37.81375,37.81375,37.81375,37.81375,37.81375,37.81375,37.81375,37.81375,37.81375,37.81375,37.81375,37.81375,37.81375,37.81375,37.81375,37.81375
14,14.5,14.5.1,ER_MRN_MPA,Average proportion of Marine Key Biodiversity Areas (KBAs) covered by protected areas (%),634,Qatar,C,G,PERCENT,39.97471,39.97471,39.97471,39.97471,39.97471,39.97471,39.97471,39.97471,39.97471,39.97471,39.97471,39.97471,39.97471,39.97471,39.97471,39.97471,39.97471,39.97471,39.97471,39.97471
14,14.5,14.5.1,ER_MRN_MPA,Average proportion of Marine Key Biodiversity Areas (KBAs) covered by protected areas (%),410,Republic of Korea,C,G,PERCENT,20.80521,20.80521,22.24759,22.2833,22.2833,22.28763,27.26278,27.26366,32.00366,32.65369,32.65369,32.82559,36.82559,36.82559,36.82559,36.82716,36.82716,37.02614,38.54986,38.54986
14,14.5,14.5.1,ER_MRN_MPA,Average proportion of Marine Key Biodiversity Areas (KBAs) covered by protected areas (%),638,Réunion,C,G,PERCENT,2.33206,2.33206,2.33206,2.33206,2.33206,2.33206,4.3914,79.61561,79.61561,79.61561,79.81796,79.81796,79.81796,79.81796,79.81796,79.81811,79.81811,79.81811,79.81811,79.81811
14,14.5,14.5.1,ER_MRN_MPA,Average proportion of Marine Key Biodiversity Areas (KBAs) covered by protected areas (%),642,Romania,C,G,PERCENT,52.42659,52.42659,52.42659,52.42659,52.42659,52.42663,52.42663,88.61076,88.61076,88.61076,88.61076,88.61076,88.61076,88.61076,88.61076,88.61076,88.61076,88.61076,88.61076,88.61076
14,14.5,14.5.1,ER_MRN_MPA,Average proportion of Marine Key Biodiversity Areas (KBAs) covered by protected areas (%),643,Russian Federation,C,G,PERCENT,22.94955,22.94955,22.94955,22.94955,22.94956,22.94956,22.94956,22.94956,22.94956,23.63782,23.63782,23.63782,23.63782,23.63782,23.63782,23.63782,23.63782,23.63782,23.63782,23.63782
14,14.5,14.5.1,ER_MRN_MPA,Average proportion of Marine Key Biodiversity Areas (KBAs) covered by protected areas (%),659,Saint Kitts and Nevis,C,G,PERCENT,0,0,0,0,0,0,0,0,0,0,0,0,0,0,0.96043,0.96043,51.71852,51.71852,51.71852,51.71852
14,14.5,14.5.1,ER_MRN_MPA,Average proportion of Marine Key Biodiversity Areas (KBAs) covered by protected areas (%),662,Saint Lucia,C,G,PERCENT,8.35625,8.35625,8.35625,8.35625,13.25418,13.25418,13.25418,26.24672,26.24672,26.24672,26.24672,26.24672,26.24672,26.24672,26.24672,26.24672,26.24672,26.24672,26.24672,26.24672
14,14.5,14.5.1,ER_MRN_MPA,Average proportion of Marine Key Biodiversity Areas (KBAs) covered by protected areas (%),670,Saint Vincent and the Grenadines,C,G,PERCENT,26.32789,26.32789,26.32789,26.32789,26.32789,26.32789,26.32789,26.32789,26.32789,26.32789,26.32789,26.32789,26.32789,26.32789,26.32789,26.32789,26.32789,26.32789,26.32789,26.32789
14,14.5,14.5.1,ER_MRN_MPA,Average proportion of Marine Key Biodiversity Areas (KBAs) covered by protected areas (%),882,Samoa,C,G,PERCENT,2.42242,2.42242,2.42242,2.42242,2.42242,2.42242,2.42242,2.42242,2.42242,2.42242,2.42242,2.42242,2.42242,2.42242,2.42242,2.42242,2.42242,2.42242,2.42242,2.42242
14,14.5,14.5.1,ER_MRN_MPA,Average proportion of Marine Key Biodiversity Areas (KBAs) covered by protected areas (%),678,Sao Tome and Principe,C,G,PERCENT,0,0,0,0,0,0,82.48755,82.48755,82.48755,82.48755,82.48755,82.48755,82.48755,82.48755,82.48755,82.48755,82.48755,82.48755,82.48755,82.48755
14,14.5,14.5.1,ER_MRN_MPA,Average proportion of Marine Key Biodiversity Areas (KBAs) covered by protected areas (%),682,Saudi Arabia,C,G,PERCENT,25.30987,25.30987,25.30987,25.30987,25.30987,25.30987,25.30987,25.30987,25.30987,25.30987,25.30987,25.30987,25.30987,25.30987,25.30987,25.30987,25.30987,25.30987,25.30987,25.30987
14,14.5,14.5.1,ER_MRN_MPA,Average proportion of Marine Key Biodiversity Areas (KBAs) covered by protected areas (%),686,Senegal,C,G,PERCENT,10.87789,10.87789,10.87789,10.87789,15.00556,15.00556,15.00556,15.00556,15.00556,15.00556,15.00556,15.00556,15.00556,15.00556,15.00556,15.00556,15.00556,21.53513,21.53513,21.53513
14,14.5,14.5.1,ER_MRN_MPA,Average proportion of Marine Key Biodiversity Areas (KBAs) covered by protected areas (%),690,Seychelles,C,G,PERCENT,31.70051,31.70051,31.70051,31.70051,31.70051,31.70051,31.70051,31.70051,31.70051,31.70051,31.70051,31.70051,31.70051,31.70051,31.70051,31.70051,31.70051,31.70051,31.70051,31.70051
14,14.5,14.5.1,ER_MRN_MPA,Average proportion of Marine Key Biodiversity Areas (KBAs) covered by protected areas (%),694,Sierra Leone,C,G,PERCENT,0,0,0,0,0,0,0,0,0,0,0,0,0,0,0,0,0,0,0,0
14,14.5,14.5.1,ER_MRN_MPA,Average proportion of Marine Key Biodiversity Areas (KBAs) covered by protected areas (%),702,Singapore,C,G,PERCENT,0,0,3.25343,3.25343,3.25343,3.25343,3.25343,3.25343,3.25343,3.25343,3.25343,3.25343,3.25343,3.25343,3.25343,3.25343,3.25343,3.25343,3.25343,3.25343
14,14.5,14.5.1,ER_MRN_MPA,Average proportion of Marine Key Biodiversity Areas (KBAs) covered by protected areas (%),534,Sint Maarten (Dutch part),C,G,PERCENT,6.37453,6.37453,6.37453,6.37453,6.37453,6.37453,6.37453,6.37453,6.37453,6.37453,6.37453,6.37453,6.37453,6.37453,6.37453,6.37453,6.37453,6.37453,6.37453,6.37453
14,14.5,14.5.1,ER_MRN_MPA,Average proportion of Marine Key Biodiversity Areas (KBAs) covered by protected areas (%),705,Slovenia,C,G,PERCENT,31.08434,31.08434,31.08434,31.08434,97.9102,97.9102,97.9102,97.9102,97.9102,97.9102,97.9102,97.9102,97.9102,97.9102,97.9102,97.9102,97.9102,97.9102,97.9102,97.9102
14,14.5,14.5.1,ER_MRN_MPA,Average proportion of Marine Key Biodiversity Areas (KBAs) covered by protected areas (%),722,Small island developing States (SIDS),C,G,PERCENT,10.46321,11.7796,12.44776,12.50296,13.40419,14.01677,16.46107,16.63985,17.75051,18.73314,19.0528,19.05281,19.31044,19.61037,21.57133,22.72371,22.98122,23.65439,23.69158,23.69158
14,14.5,14.5.1,ER_MRN_MPA,Average proportion of Marine Key Biodiversity Areas (KBAs) covered by protected areas (%),90,Solomon Islands,C,G,PERCENT,0.90909,0.90909,0.90909,0.90909,0.95674,0.95692,0.95744,2.42787,2.42787,2.42787,2.42787,2.42787,2.42787,2.42787,2.42787,2.42787,2.42787,2.42787,2.42787,2.42787
14,14.5,14.5.1,ER_MRN_MPA,Average proportion of Marine Key Biodiversity Areas (KBAs) covered by protected areas (%),706,Somalia,C,G,PERCENT,0,0,0,0,0,0,0,0,0,0,0,0,0,0,0,0,0,0,0,0
14,14.5,14.5.1,ER_MRN_MPA,Average proportion of Marine Key Biodiversity Areas (KBAs) covered by protected areas (%),710,South Africa,C,G,PERCENT,38.16439,38.18327,38.22468,38.28357,39.74154,39.74154,39.74154,39.7426,39.7426,39.7426,39.7426,39.7426,39.7426,40.053,40.053,42.1963,42.1963,42.34275,42.59958,46.55197
14,14.5,14.5.1,ER_MRN_MPA,Average proportion of Marine Key Biodiversity Areas (KBAs) covered by protected areas (%),35,South-Eastern Asia,C,G,PERCENT,13.19667,13.80959,14.06447,14.67852,15.04877,15.07614,15.14131,15.59055,16.34597,18.98901,19.09989,19.55574,20.52134,21.82439,22.64444,23.05194,24.63368,26.35384,26.98804,26.98804
14,14.5,14.5.1,ER_MRN_MPA,Average proportion of Marine Key Biodiversity Areas (KBAs) covered by protected areas (%),34,Southern Asia,C,G,PERCENT,30.34153,33.68844,33.68844,33.68844,33.68844,33.68844,33.68844,33.68844,33.68844,33.68844,33.68844,33.69206,33.89169,34.28074,34.28074,34.28074,34.28074,34.28074,34.28074,34.28074
14,14.5,14.5.1,ER_MRN_MPA,Average proportion of Marine Key Biodiversity Areas (KBAs) covered by protected areas (%),724,Spain,C,G,PERCENT,52.09491,53.54756,53.70634,55.26883,56.20477,56.34287,58.14041,58.56068,58.62135,58.63029,58.6472,58.85285,58.88714,58.88799,84.12094,84.12451,84.12451,84.12451,84.12451,84.12451
14,14.5,14.5.1,ER_MRN_MPA,Average proportion of Marine Key Biodiversity Areas (KBAs) covered by protected areas (%),144,Sri Lanka,C,G,PERCENT,46.34869,46.34869,46.34869,46.34869,46.34869,46.34869,46.34869,46.34869,46.34869,46.34869,46.34869,46.34869,47.5772,49.97138,49.97138,49.97138,49.97138,49.97138,49.97138,49.97138
14,14.5,14.5.1,ER_MRN_MPA,Average proportion of Marine Key Biodiversity Areas (KBAs) covered by protected areas (%),202,Sub-Saharan Africa,C,G,PERCENT,22.67008,23.2186,23.7859,24.25712,24.64309,25.49717,31.37591,34.47335,34.91241,36.38702,36.95234,37.40505,37.98792,38.01186,38.83378,39.15976,39.17128,40.81237,40.83137,41.12374
14,14.5,14.5.1,ER_MRN_MPA,Average proportion of Marine Key Biodiversity Areas (KBAs) covered by protected areas (%),729,Sudan,C,G,PERCENT,0,0,0,0,0,0,0,0,0,0,0,0,0,0,0,0,47.97119,47.97119,47.97119,47.97119
14,14.5,14.5.1,ER_MRN_MPA,Average proportion of Marine Key Biodiversity Areas (KBAs) covered by protected areas (%),740,Suriname,C,G,PERCENT,74.24457,74.24457,74.24457,74.24457,74.24457,74.24457,74.24457,74.24457,74.24457,74.24457,74.24457,74.24457,74.24457,74.24457,74.24457,74.24457,74.24457,74.24457,74.24457,74.24457
14,14.5,14.5.1,ER_MRN_MPA,Average proportion of Marine Key Biodiversity Areas (KBAs) covered by protected areas (%),752,Sweden,C,G,PERCENT,43.64547,45.4564,47.07989,47.68445,49.47011,50.88722,51.18232,51.18232,57.16896,57.17935,57.25057,57.61946,57.83798,57.83886,58.17113,58.17778,60.75505,60.78627,60.97831,61.17438
14,14.5,14.5.1,ER_MRN_MPA,Average proportion of Marine Key Biodiversity Areas (KBAs) covered by protected areas (%),760,Syrian Arab Republic,C,G,PERCENT,0,0,0,0,0,0,0,0,0,0,0,0,0,0,0,0,0,0,0,0
14,14.5,14.5.1,ER_MRN_MPA,Average proportion of Marine Key Biodiversity Areas (KBAs) covered by protected areas (%),764,Thailand,C,G,PERCENT,47.53539,47.53539,47.53539,47.53539,47.53539,47.53539,47.53539,47.53539,47.53539,47.53539,47.53539,47.53539,47.53539,47.53539,47.53539,47.53539,47.53539,47.53539,47.53539,47.53539
14,14.5,14.5.1,ER_MRN_MPA,Average proportion of Marine Key Biodiversity Areas (KBAs) covered by protected areas (%),626,Timor-Leste,C,G,PERCENT,9.78969,9.78969,9.78969,9.78969,9.78969,9.78969,9.78969,9.78969,18.66668,18.66668,18.66668,18.66668,18.66668,18.66668,18.66668,18.66668,19.6113,19.6113,19.6113,19.6113
14,14.5,14.5.1,ER_MRN_MPA,Average proportion of Marine Key Biodiversity Areas (KBAs) covered by protected areas (%),772,Tokelau,C,G,PERCENT,0,0,0,0,0,0,0,0,0,0,0,0,0,0,0,0,0,0,0,0
14,14.5,14.5.1,ER_MRN_MPA,Average proportion of Marine Key Biodiversity Areas (KBAs) covered by protected areas (%),776,Tonga,C,G,PERCENT,9.11401,18.29469,18.29469,18.29469,18.29469,18.29469,18.29469,18.29469,19.16825,19.16825,19.16825,19.16825,19.16825,19.16825,19.16825,19.16825,19.16825,19.16825,19.16825,19.16825
14,14.5,14.5.1,ER_MRN_MPA,Average proportion of Marine Key Biodiversity Areas (KBAs) covered by protected areas (%),780,Trinidad and Tobago,C,G,PERCENT,8.49055,8.49055,8.49055,8.49055,8.49055,8.49055,8.49055,8.49055,8.49055,8.49055,8.49055,8.49055,8.49055,8.49055,8.49055,8.49055,8.49055,8.49055,8.49055,8.49055
14,14.5,14.5.1,ER_MRN_MPA,Average proportion of Marine Key Biodiversity Areas (KBAs) covered by protected areas (%),788,Tunisia,C,G,PERCENT,7.3176,10.29624,10.29624,10.29624,10.29624,10.29624,10.29624,22.48351,22.48351,22.48351,22.56046,22.56046,36.34317,39.57627,39.57627,39.57627,39.57627,39.57627,39.57627,39.57627
14,14.5,14.5.1,ER_MRN_MPA,Average proportion of Marine Key Biodiversity Areas (KBAs) covered by protected areas (%),792,Turkey,C,G,PERCENT,3.07354,3.07354,3.07354,3.07354,3.07354,3.7914,3.7914,3.7914,3.7914,3.7914,3.7914,3.7914,3.7914,3.7914,3.7914,3.7914,3.7914,3.7914,3.7914,3.7914
14,14.5,14.5.1,ER_MRN_MPA,Average proportion of Marine Key Biodiversity Areas (KBAs) covered by protected areas (%),796,Turks and Caicos Islands,C,G,PERCENT,27.5244,27.5244,27.5244,27.5244,27.5244,27.5244,27.5244,27.5244,27.5244,27.5244,27.5244,27.5244,27.5244,27.5244,27.5244,27.5244,27.5244,27.5244,27.5244,27.5244
14,14.5,14.5.1,ER_MRN_MPA,Average proportion of Marine Key Biodiversity Areas (KBAs) covered by protected areas (%),804,Ukraine,C,G,PERCENT,29.75148,29.75148,29.75148,29.75148,29.75148,29.75148,29.75148,29.75148,29.75148,29.75148,29.75148,29.75148,29.75148,29.75148,29.75148,29.75148,29.75148,29.75148,29.75148,29.75148
14,14.5,14.5.1,ER_MRN_MPA,Average proportion of Marine Key Biodiversity Areas (KBAs) covered by protected areas (%),826,United Kingdom of Great Britain and Northern Ireland,C,G,PERCENT,72.37099,73.00458,73.60766,73.76789,74.17689,75.35983,75.53467,75.70375,75.70417,76.16655,77.2224,77.36349,79.16301,79.17036,80.70118,80.70118,81.42688,81.89598,82.02862,82.02862
14,14.5,14.5.1,ER_MRN_MPA,Average proportion of Marine Key Biodiversity Areas (KBAs) covered by protected areas (%),834,United Republic of Tanzania,C,G,PERCENT,51.00986,51.00986,51.00986,51.00986,51.00986,51.00986,52.0844,52.0844,52.0844,52.0844,52.0844,52.0844,52.0844,52.0844,52.0844,52.0844,52.0844,52.0844,52.0844,52.0844
14,14.5,14.5.1,ER_MRN_MPA,Average proportion of Marine Key Biodiversity Areas (KBAs) covered by protected areas (%),840,United States of America,C,G,PERCENT,46.7969,47.91072,53.29498,53.40175,53.44086,53.89323,54.26449,54.7258,58.06601,59.59851,60.10241,60.24113,60.63164,60.96277,61.04463,61.04463,61.04463,61.04463,61.04463,61.04463
14,14.5,14.5.1,ER_MRN_MPA,Average proportion of Marine Key Biodiversity Areas (KBAs) covered by protected areas (%),850,United States Virgin Islands,C,G,PERCENT,25.6416,37.01698,37.01698,37.02756,37.02756,37.02756,37.02756,37.02756,37.02756,37.02756,37.02756,37.02756,37.02756,37.02756,37.02756,37.02756,37.02756,37.02756,37.02756,37.02756
14,14.5,14.5.1,ER_MRN_MPA,Average proportion of Marine Key Biodiversity Areas (KBAs) covered by protected areas (%),858,Uruguay,C,G,PERCENT,24.88335,24.88335,24.88335,24.88335,25.35831,25.35831,26.89554,26.89554,26.89554,26.89736,48.28471,48.28471,48.28471,48.28471,48.28471,48.41158,48.41158,48.41158,48.41158,48.41158
14,14.5,14.5.1,ER_MRN_MPA,Average proportion of Marine Key Biodiversity Areas (KBAs) covered by protected areas (%),548,Vanuatu,C,G,PERCENT,3.1356,3.1356,3.1356,3.1356,3.1356,3.1356,3.1356,3.1356,3.1356,3.1356,3.1356,3.1356,3.1356,3.1356,3.1356,3.1356,3.1356,3.1356,3.1356,3.1356
14,14.5,14.5.1,ER_MRN_MPA,Average proportion of Marine Key Biodiversity Areas (KBAs) covered by protected areas (%),862,Venezuela (Bolivarian Republic of),C,G,PERCENT,35.61904,35.61904,35.61904,35.61904,35.61904,35.61904,35.61904,35.61904,35.61904,35.61904,35.61904,35.61904,35.61904,35.61904,35.61904,35.61904,35.61904,35.61904,35.61904,35.61904
14,14.5,14.5.1,ER_MRN_MPA,Average proportion of Marine Key Biodiversity Areas (KBAs) covered by protected areas (%),704,Viet Nam,C,G,PERCENT,8.93351,8.93351,13.23826,17.98043,17.98043,17.98043,17.98043,17.98043,17.98043,17.98043,17.98043,17.98043,17.98043,17.98043,23.88818,23.88818,23.88818,23.88818,23.88818,23.88818
14,14.5,14.5.1,ER_MRN_MPA,Average proportion of Marine Key Biodiversity Areas (KBAs) covered by protected areas (%),145,Western Asia,C,G,PERCENT,7.54755,7.87251,7.87441,8.02929,8.6743,8.96554,8.96554,9.09468,15.19783,15.19783,15.19783,15.19783,15.33329,15.33329,15.71851,15.71851,16.4483,16.4483,16.4483,16.4483
14,14.5,14.5.1,ER_MRN_MPA,Average proportion of Marine Key Biodiversity Areas (KBAs) covered by protected areas (%),1,World,C,G,PERCENT,30.5179,31.69426,33.33366,33.97836,35.61705,36.50201,37.59802,38.40641,39.70081,40.63261,41.48769,41.80366,42.53495,43.42273,44.49757,44.8447,45.41536,45.83959,45.96559,46.02963
14,14.5,14.5.1,ER_MRN_MPA,Average proportion of Marine Key Biodiversity Areas (KBAs) covered by protected areas (%),887,Yemen,C,G,PERCENT,0,0,0,0,0,0,0,0,35.20966,35.20966,35.20966,35.20966,35.20966,35.20966,35.20966,35.20966,35.20966,35.20966,35.20966,35.20966
